artist,genre,country,artist_type,gender,debut_year
The Chainsmokers,EDM,United States,Duo,Male,2014
Taylor Swift,Pop,United States,Solo,Female,2006
Drake,Hip-Hop,Canada,Solo,Male,2010
Bad Bunny,Reggaeton,Puerto Rico,Solo,Male,2016
Beyoncé,R&B,United States,Solo,Female,2003
The Weeknd,R&B,Canada,Solo,Male,2011
Ariana Grande,Pop,United States,Solo,Female,2013
Kendrick Lamar,Hip-Hop,United States,Solo,Male,2011
Billie Eilish,Alternative,United States,Solo,Female,2019
SZA,R&B,United States,Solo,Female,2017
Olivia Rodrigo,Pop,United States,Solo,Female,2021
Dua Lipa,Pop,United Kingdom,Solo,Female,2017
Harry Styles,Pop,United Kingdom,Solo,Male,2017
Ed Sheeran,Pop,United Kingdom,Solo,Male,2011
Rihanna,Pop,Barbados,Solo,Female,2005
Coldplay,Rock,United Kingdom,Band,Mixed,2000
Imagine Dragons,Rock,United States,Band,Mixed,2012
BLACKPINK,K-Pop,South Korea,Group,Female,2016
BTS,K-Pop,South Korea,Group,Male,2013
Karol G,Reggaeton,Colombia,Solo,Female,2017
Shakira,Latin Pop,Colombia,Solo,Female,1991
Calvin Harris,EDM,United Kingdom,Solo,Male,2007
David Guetta,EDM,France,Solo,Male,2002
Skrillex,EDM,United States,Solo,Male,2010
Marshmello,EDM,United States,Solo,Male,2015
Avicii,EDM,Sweden,Solo,Male,2008
Martin Garrix,EDM,Netherlands,Solo,Male,2013
Zedd,EDM,Germany,Solo,Male,2012
Kygo,EDM,Norway,Solo,Male,2014
Lady Gaga,Pop,United States,Solo,Female,2008
Bruno Mars,Pop,United States,Solo,Male,2010
Post Malone,Hip-Hop,United States,Solo,Male,2016
Doja Cat,Pop,United States,Solo,Female,2018
Lana Del Rey,Alternative,United States,Solo,Female,2012
Morgan Wallen,Country,United States,Solo,Male,2018
Luke Combs,Country,United States,Solo,Male,2017
Zach Bryan,Country,United States,Solo,Male,2022
Miley Cyrus,Pop,United States,Solo,Female,2007
Selena Gomez,Pop,United States,Solo,Female,2009
Justin Bieber,Pop,Canada,Solo,Male,2010
OneRepublic,Pop Rock,United States,Band,Mixed,2007
Linkin Park,Rock,United States,Band,Mixed,2000
Twenty One Pilots,Alternative,United States,Duo,Male,2009
Paramore,Rock,United States,Band,Mixed,2005
Green Day,Punk Rock,United States,Band,Mixed,1994
Metallica,Metal,United States,Band,Mixed,1983
Eminem,Hip-Hop,United States,Solo,Male,1999
J. Cole,Hip-Hop,United States,Solo,Male,2011
Travis Scott,Hip-Hop,United States,Solo,Male,2015
Future,Hip-Hop,United States,Solo,Male,2012
Nicki Minaj,Hip-Hop,Trinidad and Tobago,Solo,Female,2010
Cardi B,Hip-Hop,United States,Solo,Female,2018
"Tyler, The Creator",Hip-Hop,United States,Solo,Male,2011
Childish Gambino,Hip-Hop,United States,Solo,Male,2011
Frank Ocean,R&B,United States,Solo,Male,2012
H.E.R.,R&B,United States,Solo,Female,2017
Usher,R&B,United States,Solo,Male,1994
Alicia Keys,R&B,United States,Solo,Female,2001
Adele,Pop,United Kingdom,Solo,Female,2008
Sam Smith,Pop,United Kingdom,Solo,Non-binary,2014
Lewis Capaldi,Pop,United Kingdom,Solo,Male,2019
Hozier,Alternative,Ireland,Solo,Male,2014
Noah Kahan,Folk Pop,United States,Solo,Male,2019
Mumford & Sons,Folk Rock,United Kingdom,Band,Mixed,2009
Arctic Monkeys,Rock,United Kingdom,Band,Male,2006
The Killers,Rock,United States,Band,Male,2004
Red Hot Chili Peppers,Rock,United States,Band,Male,1984
Foo Fighters,Rock,United States,Band,Male,1995
Queen,Rock,United Kingdom,Band,Male,1973
ABBA,Pop,Sweden,Group,Mixed,1973
Elton John,Pop Rock,United Kingdom,Solo,Male,1969
Madonna,Pop,United States,Solo,Female,1983
Britney Spears,Pop,United States,Solo,Female,1999
Christina Aguilera,Pop,United States,Solo,Female,1999
NSYNC,Pop,United States,Group,Male,1997
Backstreet Boys,Pop,United States,Group,Male,1996
Spice Girls,Pop,United Kingdom,Group,Female,1996
One Direction,Pop,United Kingdom,Group,Male,2011
Jonas Brothers,Pop,United States,Group,Male,2006
Maroon 5,Pop Rock,United States,Band,Male,2002
P!nk,Pop,United States,Solo,Female,2000
Katy Perry,Pop,United States,Solo,Female,2008
Camila Cabello,Pop,Cuba,Solo,Female,2018
Shawn Mendes,Pop,Canada,Solo,Male,2015
Troye Sivan,Pop,Australia,Solo,Male,2015
Lorde,Alternative,New Zealand,Solo,Female,2013
Tame Impala,Alternative,Australia,Solo,Male,2010
Flume,EDM,Australia,Solo,Male,2012
Disclosure,EDM,United Kingdom,Duo,Male,2013
Swedish House Mafia,EDM,Sweden,Group,Male,2010
Major Lazer,EDM,United States,Group,Male,2009
Daft Punk,Electronic,France,Duo,Male,1997
Gorillaz,Alternative,United Kingdom,Band,Mixed,2001
Gunna,Hip-Hop,United States,Solo,Male,2018
Lil Uzi Vert,Hip-Hop,United States,Solo,Male,2017
Lil Nas X,Pop,United States,Solo,Male,2019
Megan Thee Stallion,Hip-Hop,United States,Solo,Female,2019
Ice Spice,Hip-Hop,United States,Solo,Female,2023
Peso Pluma,Regional Mexican,Mexico,Solo,Male,2020
Rosalía,Latin Pop,Spain,Solo,Female,2017
J Balvin,Reggaeton,Colombia,Solo,Male,2013
Daddy Yankee,Reggaeton,Puerto Rico,Solo,Male,2004
Maluma,Latin Pop,Colombia,Solo,Male,2012
Anitta,Latin Pop,Brazil,Solo,Female,2013
Maná,Rock en Español,Mexico,Band,Male,1987
ENHYPEN,K-Pop,South Korea,Group,Male,2020
NewJeans,K-Pop,South Korea,Group,Female,2022
Stray Kids,K-Pop,South Korea,Group,Male,2018
TWICE,K-Pop,South Korea,Group,Female,2015
SEVENTEEN,K-Pop,South Korea,Group,Male,2015
A$AP Rocky,Hip-Hop,United States,Solo,Male,2011
21 Savage,Hip-Hop,United Kingdom,Solo,Male,2015
Metro Boomin,Hip-Hop,United States,Solo,Male,2013
Playboi Carti,Hip-Hop,United States,Solo,Male,2017
Roddy Ricch,Hip-Hop,United States,Solo,Male,2018
Lil Baby,Hip-Hop,United States,Solo,Male,2017
Jack Harlow,Hip-Hop,United States,Solo,Male,2020
Mac Miller,Hip-Hop,United States,Solo,Male,2011
Logic,Hip-Hop,United States,Solo,Male,2014
Nas,Hip-Hop,United States,Solo,Male,1994
Jay-Z,Hip-Hop,United States,Solo,Male,1996
Kanye West,Hip-Hop,United States,Solo,Male,2004
Missy Elliott,Hip-Hop,United States,Solo,Female,1997
Lauryn Hill,R&B,United States,Solo,Female,1998
TLC,R&B,United States,Group,Female,1992
Destiny's Child,R&B,United States,Group,Female,1998
Mariah Carey,Pop,United States,Solo,Female,1990
Whitney Houston,Pop,United States,Solo,Female,1985
Celine Dion,Pop,Canada,Solo,Female,1981
Janet Jackson,Pop,United States,Solo,Female,1982
Michael Jackson,Pop,United States,Solo,Male,1972
Prince,Pop,United States,Solo,Male,1978
Stevie Wonder,R&B,United States,Solo,Male,1962
Aretha Franklin,Soul,United States,Solo,Female,1961
Dolly Parton,Country,United States,Solo,Female,1967
Carrie Underwood,Country,United States,Solo,Female,2005
Kacey Musgraves,Country,United States,Solo,Female,2013
Chris Stapleton,Country,United States,Solo,Male,2015
Lainey Wilson,Country,United States,Solo,Female,2021
Kane Brown,Country,United States,Solo,Male,2016
Thomas Rhett,Country,United States,Solo,Male,2013
Florida Georgia Line,Country,United States,Duo,Male,2012
The Lumineers,Folk Rock,United States,Band,Mixed,2012
Bon Iver,Indie Folk,United States,Band,Male,2007
Phoebe Bridgers,Indie Rock,United States,Solo,Female,2017
boygenius,Indie Rock,United States,Group,Female,2018
Mitski,Indie Rock,United States,Solo,Female,2012
Clairo,Indie Pop,United States,Solo,Female,2019
beabadoobee,Indie Pop,Philippines,Solo,Female,2020
The 1975,Pop Rock,United Kingdom,Band,Male,2013
Oasis,Rock,United Kingdom,Band,Male,1994
Blur,Rock,United Kingdom,Band,Male,1991
Radiohead,Alternative,United Kingdom,Band,Male,1993
Muse,Rock,United Kingdom,Band,Male,1999
Nirvana,Grunge,United States,Band,Male,1989
Pearl Jam,Grunge,United States,Band,Male,1991
The Strokes,Indie Rock,United States,Band,Male,2001
The White Stripes,Garage Rock,United States,Duo,Mixed,1999
Kings of Leon,Rock,United States,Band,Male,2003
U2,Rock,Ireland,Band,Male,1980
The Rolling Stones,Rock,United Kingdom,Band,Male,1964
The Beatles,Rock,United Kingdom,Band,Male,1963
Fleetwood Mac,Rock,United Kingdom,Band,Mixed,1968
Eagles,Rock,United States,Band,Male,1972
Aerosmith,Rock,United States,Band,Male,1973
Bon Jovi,Rock,United States,Band,Male,1984
Journey,Rock,United States,Band,Male,1975
AC/DC,Rock,Australia,Band,Male,1975
The Cranberries,Alternative,Ireland,Band,Mixed,1993
No Doubt,Ska Punk,United States,Band,Mixed,1992
Blink-182,Pop Punk,United States,Band,Male,1995
Fall Out Boy,Pop Punk,United States,Band,Male,2003
My Chemical Romance,Emo,United States,Band,Male,2002
Panic! At The Disco,Pop Rock,United States,Band,Male,2005
Avril Lavigne,Pop Punk,Canada,Solo,Female,2002
Kelly Clarkson,Pop,United States,Solo,Female,2003
Demi Lovato,Pop,United States,Solo,Non-binary,2008
Halsey,Pop,United States,Solo,Female,2015
Charli XCX,Pop,United Kingdom,Solo,Female,2013
Sabrina Carpenter,Pop,United States,Solo,Female,2015
Chappell Roan,Pop,United States,Solo,Female,2023
Tate McRae,Pop,Canada,Solo,Female,2020
Gracie Abrams,Pop,United States,Solo,Female,2020
Reneé Rapp,Pop,United States,Solo,Female,2022
Tyla,Afrobeats,South Africa,Solo,Female,2023
Tems,Afrobeats,Nigeria,Solo,Female,2020
Burna Boy,Afrobeats,Nigeria,Solo,Male,2013
Wizkid,Afrobeats,Nigeria,Solo,Male,2011
Rema,Afrobeats,Nigeria,Solo,Male,2019
Davido,Afrobeats,Nigeria,Solo,Male,2012
Aya Nakamura,Afropop,France,Solo,Female,2017
Stromae,Electronic,Belgium,Solo,Male,2010
Christine and the Queens,Pop,France,Solo,Non-binary,2014
Angèle,Pop,Belgium,Solo,Female,2018
Måneskin,Rock,Italy,Band,Mixed,2017
Andrea Bocelli,Classical Crossover,Italy,Solo,Male,1994
Jung Kook,K-Pop,South Korea,Solo,Male,2023
Jimin,K-Pop,South Korea,Solo,Male,2023
Lisa,K-Pop,Thailand,Solo,Female,2021
JENNIE,K-Pop,South Korea,Solo,Female,2018
IVE,K-Pop,South Korea,Group,Female,2021
LE SSERAFIM,K-Pop,South Korea,Group,Female,2022
aespa,K-Pop,South Korea,Group,Female,2020
ITZY,K-Pop,South Korea,Group,Female,2019
NCT 127,K-Pop,South Korea,Group,Male,2016
EXO,K-Pop,South Korea,Group,Male,2012
Red Velvet,K-Pop,South Korea,Group,Female,2014
Girls' Generation,K-Pop,South Korea,Group,Female,2007
TXT,K-Pop,South Korea,Group,Male,2019
ATEEZ,K-Pop,South Korea,Group,Male,2018
Myke Towers,Reggaeton,Puerto Rico,Solo,Male,2016
Rauw Alejandro,Reggaeton,Puerto Rico,Solo,Male,2016
Ozuna,Reggaeton,Puerto Rico,Solo,Male,2016
Nicky Jam,Reggaeton,United States,Solo,Male,2001
Don Omar,Reggaeton,Puerto Rico,Solo,Male,2003
Becky G,Latin Pop,United States,Solo,Female,2013
Camilo,Latin Pop,Colombia,Solo,Male,2010
Sebastián Yatra,Latin Pop,Colombia,Solo,Male,2016
Luis Fonsi,Latin Pop,Puerto Rico,Solo,Male,1998
Enrique Iglesias,Latin Pop,Spain,Solo,Male,1995
Ricky Martin,Latin Pop,Puerto Rico,Solo,Male,1991
Marc Anthony,Salsa,United States,Solo,Male,1993
Romeo Santos,Bachata,United States,Solo,Male,2011
Aventura,Bachata,United States,Group,Male,1999
Natanael Cano,Regional Mexican,Mexico,Solo,Male,2019
Junior H,Regional Mexican,Mexico,Solo,Male,2019
Grupo Frontera,Regional Mexican,United States,Group,Male,2022
Eslabon Armado,Regional Mexican,United States,Group,Male,2020
Carin León,Regional Mexican,Mexico,Solo,Male,2018
DJ Snake,EDM,France,Solo,Male,2013
Tiësto,EDM,Netherlands,Solo,Male,1994
Armin van Buuren,EDM,Netherlands,Solo,Male,1997
Steve Aoki,EDM,United States,Solo,Male,2008
Diplo,EDM,United States,Solo,Male,2004
Alesso,EDM,Sweden,Solo,Male,2012
Illenium,EDM,United States,Solo,Male,2016
Porter Robinson,EDM,United States,Solo,Male,2014
ODESZA,Electronic,United States,Duo,Male,2012
RÜFÜS DU SOL,Electronic,Australia,Group,Male,2013
Fred again..,Electronic,United Kingdom,Solo,Male,2021
Peggy Gou,Electronic,South Korea,Solo,Female,2016
The Chemical Brothers,Electronic,United Kingdom,Duo,Male,1995
Aphex Twin,Electronic,Ireland,Solo,Male,1992
